name,lat,lon
Gouripur,22.0756355,88.2546358
Anchuri,23.284466,86.993343
Dhobargram,23.2862235,86.9686658
Tantakanali,,
Harekrishnapur,,
Dhulkumari,23.2797914,86.9436321
Kashidoba,,
Nidaya,23.2712069,86.9611571
Papurdihi,23.2661821,86.97054279999999
Debipur,,
Beharadihi,,
Nawdi,,
Balardihi,,
Badulara,,
Sanabandh,,
Jirabaid,,
Katgoria,,
Jamradihi,,
Ghughujan,,
Jalhari,,
Uttar Bankati,,
Kapishtha,,
Damragoria,,
Darpanagar,,
Murardihi,,
Pachirdanga,,
Dupsara,,
Pachirdangga,,
Pathakdihi,,
Pathrabaid,,
Bankata,,
Gopalpur,,
Manoharpur,,
Gonsaidihi,,
Kenjakura,,
Radhakantapur,,
Badra,,
Metiakhola,,
Ramnagar,,
Molbana,,
Bhola,,
Kantakuli,,
Dhulidihi,,
Kamlagara,,
Kalpathar,,
Rangamatia,,
Basulitara,,
Beliya,,
Jambedia,,
Porashol,,
Barabagan,,
Kashibedya,,
Barabedya,,
Chingra,,
Bhalukbasa,,
Hetyashol,,
Anandapur,,
Kushtora,,
Khenkriara,,
Nekragoria,,
Pathrakata,,
Gangtora,,
Dhagaria,,
Banchingra,,
Nangalberya,,
Chhendua,,
Chamkara,,
Fengabasa,,
Amlatora,,
Dinargan,,
Ekaira,,
Junkanali,,
Kendbona,,
Kalabati,,
Batdeuli,,
Purundihi,,
Kumidya,,
Penchaldihi,,
Siarbedya,,
Andharthol,,
Sutijor,,
Shyamdanga,,
Ramjibanpur,,
Shunukpahari,,
Jambani,,
Dabar,,
Chikchika,,
Puramouli,,
Dhobagaon,,
Chelema,,
Chaliya Bakra,,
Nayabadi,,
Sagunsara,,
Bhalukgejar,,
Shyampur,,
Khap,,
Shushunia,,
Dubraji,,
Helna,,
Fagua Kanali,,
Dumuriya,,
Chaturdihi,,
Supurdihi,,
Golamitara,,
Taribaterdihi,,
Harumalliker Bankata,,
Deb,,
Keranipur,,
Kaludihi,,
Chhatardihi,,
Nutangaon,,
Paharia,,
Bhikurdihi,,
Kankaradihi,,
Jethiya,,
Dulalpur,,
Bhagabanpur,,
Baindhaka,,
Bhaturi,,
Jharia,,
Makarkendi,,
Rajkumar,,
Shibrampur,,
Uparshol,,
Dakshin Bankati,,
Patalkhuri,,
Nandigram,,
Krishanagar,,
Rajagram,,
Damodarpur,,
Kendkhune,,
Agaya,,
Manjura,,
Manusmura,,
Dadhimukha,,
Aralbanshi,,
Banshi,,
Jamboni,,
Patakala,,
Dhaldanga,,
Chak Jagadalla,,
Jagadalla,,
Gobindapur,,
Dabra,,
Chinchura,,
Rasunkur,,
Murrah,,
Demurari Gopinathpur,,
Bankura,,
Patpur,,
Kenduyadihi,,
Parbatipur,,
Kankata,,
Lokpur,,
Ailakundi,,
Kargahir,,
Borut,,
Jagatraydihi,,
Bolara,,
Adhurjyabandh,,
Khudshol,,
Karanjora,,
Lapuria,,
Kendboni,,
Dulalkundi,,
Kantaboni,,
Mamurjuri,,
Dhanshimul,,
Chharekha,,
Hatishalpindri,,
Jorka,,
Ladna,,
Bhangahira,,
Bagatapol,,
Parashibad,,
Baikunthapur,,
Barachaka,,
Shitladihi,,
Lakshmijanardanpur,,
Chhotachaka,,
Sonarekh,,
Magra,,
Sonamui,,
Garakusum,,
Mankanali,,
Khiraijudi,,
Malindasi,,
Raibandh,,
Gajarabari,,
Chhotakalajharia,,
Radharamanpur,,
Bara kalajharia,,
Sonadaha,,
Kulpat Bankati,,
Gourangdihi,,
Masliya,,
Chaitali,,
Bankata,,
Bankati,,
Duaranda,,
Goira,,
Khejurbedya,,
Arjunpur,,
Upardihi,,
Beldangra,,
Kelebala,,
Pirarishol,,
Jugsahar,,
Sheetaladihi,,
Tantkanali,,
Harialgara,,
Keshra,,
Keshiya,,
Ladadihi,,
Ramdihi,,
Garerban,,
Ekteswar,,
Shankarhati,,
Shyamdaspur,,
Bhadul,,
Bhutsahar,,
Bejagram,,
Sanbanda,,
Shalboni,,
Bhedua,,
Asna,,
Panchbaga,,
Badra,,
Junbedia,,
Gopalpur,,
Mauladanga,,
Keshiakol,,
Mithila,,
Mabarakpur,,
Bikna,,
Domonbandi,,
Jagannathbati,,
Kumaria,,
Tilabedya,,
Raghunathpur,,
Manoharpur,,
Mohanpur,,
Radhanagar,,
Purandarpur,,
Kanchanpur,,
Bagrakonda,,
Bahadurpur,,
Moukura,,
Kulmura,,
Dhanaishuli,,
Pashchim Ratanpur,,
Kadmaghati,,
Kamladanga,,
Kuraria,,
Katnar,,
Chapatara,,
Sendra,,
Akurabaid,,
Taldanga,,
Agra,,
Upar Narrah,,
Patna Joykrishnapur,,
Kunjaban,,
Bhedua Purushottampur,,
Puramouna,,
Shankarpur,,
Kherosole,,
Chhatar kanali,,
Rampur,,
Emokundi,,
Gopinathpur,,
Banhambirpur,,
Nabanda,,
Patradanga,,
Narrah,,
Nabagram,,
Bidyadharpur,,
Adra,,
Banki,,
Matranga,,
Ailta,,
Pratappur,,
Balarampur,,
Shirsara,,
Manipur,,
Telegara,,
Bagneja,,
Shibrampur,,
Brindabanpur,,
Churamanipur,,
Uparbanda,,
Purba Ratanpur,,
Belboni,,
Agayanandanpur,,
Khayerkanali,,
Kalapahar,,
Kaljuri,,
Murabari,,
Rasiknagarpur,,
Madla Kamdebpur,,
Chingra Goalashol,,
Kharigara,,
Dhunara,,
Chhirabasta,,
Aina Gobindapur,,
Mukundapur,,
Barmasia,,
Kushtia,,
Kasnua,,
Goalhati,,
Katapesia,,
Kodalia,,
Kalaberia,,
Banmadhabpur,,
Maitha Gopinathpur,,
Bankati,,
Ashurabaid,,
Gairabad,,
Jorthol,,
Kendbede,,
Fulberya,,
Jalhari,,
Jamthole,,
Kuladabab,,
Sanpura,,
Nabashol,,
Kumirdoha,,
Goilabad,,
Bhelani,,
Bhandarber,,
Raibandh,,
Rampur,,
Dhabanigopalpur,,
Upargorya,,
Taljharia,,
Gopinathdihi,,
Dhaban,,
Bhabanipur,,
Radhaballabhpur,,
Sidhaberia,,
Namobaid,,
Jhikuria,,
Ampahari,,
Murgathol,,
Khayerbani,,
Jirra,,
Chandra,,
Chakchaki,,
Burat,,
Jorhira,,
Benagoria,,
Arajuri,,
Deulbhira,,
Parasia,,
Gopinathpur,,
Kalipahari,,
Garra,,
Rangametya,,
Dhatla,,
Dubra,,
Kaminbedya,,
Sihika,,
Moiragorya,,
Tulsa,,
Sihikapahari,,
Hatjor,,
Tilna,,
Simulberya,,
Ethani,,
Saluni,,
Besara,,
Enari,,
Karrashol,,
Gopalpur,,
Haridihi,,
Kalipur,,
Jhunjka,,
Parulia,,
Hausibad,,
Majhidi,,
Kendua,,
Tentulberia,,
Penchashimul,,
Jiadoba,,
Banjuria,,
Mechabaid,,
Shirpura,,
Jirrakelai,,
Hetyashol,,
Jaynagar,,
Shushuniyajamthole,,
Dumurkundi,,
Metela,,
Fapsa,,
Kulyara,,
Bagdiha,,
Ramnathpur,,
Hapania,,
Shiulibona,,
Shushuniapahar,,
Gohalpara,,
Paharghata,,
Namo Shushunia,,
Shushunia,,
Chhatatala,,
Bishkodar,,
Shushuniya Parashibna,,
Paharbedya,,
Nangla,,
Bharatpur,,
Gidhuriya,,
Jaljaliabanshole,,
Agaya,,
Chamkara,,
Basulibandh,,
Karra,,
Beliara,,
Haribandi,,
Mirga,,
Shiuligarya,,
Sarberia,,
Pathardiha,,
Mujrakundi,,
Jamdahari,,
Barbakra,,
Khayerkanali,,
Lakshminarayanpur,,
Kantashol,,
Kamarkuli,,
Kuludihi,,
Gurputa,,
Kalaiberia,,
Banagram,,
Pinasgaria,,
Ghoramuli,,
Dubrajpur,,
Bamunkuli,,
Mandashpara,,
Chaughara,,
Panchpukhuria,,
Janardanpur,,
Jhagrapur,,
Bhalaidiha,,
Brajamohanpur,,
Dhengakenda,,
Gharmora,,
Musibdihi,,
Lohagar,,
Benagoria,,
Kalpathar,,
Ghosergram,,
Kharbona(137),,
Hansapahari,,
Dalpur,,
Dumdumi,,
Shuarbakra,,
Balarampur,,
Shiulipahari,,
Sukhnibasa,,
Bindna,,
Jhantipahari,,
Ranagora,,
Palsara,,
Bikpur,,
Kanki,,
Malpara,,
Rajadal,,
Bangaon,,
Murgaboni,,
Arrah,,
Bandagal,,
Bindajam,,
Bara Banagram,,
Kshudra Banagram,,
Goaldanga,,
Amdiha,,
Gursagra,,
Narsinghapur,,
Guniada,,
Malbedya,,
Harakbedya,,
Kelai,,
Parashibona,,
Jamdoba,,
Mangalda,,
Barshi,,
Dumna,,
Tilajuri,,
Kathariya,,
Singergara,,
Karkari,,
Chhopaniya,,
Satkhulia,,
Anturibona,,
Jamtara,,
Bankati,,
Aljhara,,
Dhengagora,,
Nanduara,,
Baghmara,,
Dhagara,,
Meghakata,,
Bijpur,,
Shiulibona,,
Amakunda,,
Garbona,,
Chholagara,,
Sarsa,,
Aluthia,,
Palla,,
Bahara,,
Patjuri Agaya,,
Bakshimul,,
Kunkuribasa,,
Rangametia,,
Kamalpur,,
Chinabari,,
Baksibandh,,
Maheshkhapuri,,
Chaintor,,
Maheshana,,
Bhuinyapara,,
Budhanpur,,
Saontalpara,,
Panjangara,,
Chaka,,
Khayerbani,,
Antkuriya,,
Upardihi,,
Amlator,,
Khobradihi,,
Mantumra,,
Shalchura,,
Simla,,
Nekrakunda,,
Chhatapathar,,
Baliguma,,
Madhabpur,,
Pithabaid,,
Shaldiha,,
Bhandarber,,
Hanuliya,,
Lakshmishol,,
Chak Tamakgonya,,
Kshirpai,,
Kshiroshol,,
Jatyardihi,,
Shuribediya,,
Rampur,,
Banagram,,
Bandardihi,,
Hetyatora,,
Masthol,,
Keshra,,
Mahishdanga,,
Subarda,,
Rahir,,
Kapasbediya,,
Haridi,,
Metyala,,
Fulkusum,,
Bahidya,,
Painsabad,,
Noyada,,
Nabagram,,
Karkari,,
Jambede,,
Deulbhira,,
Garrah,,
Kantapahari,,
Jambani,,
Kharbona(257),,
Buripara,,
Jibanpur Bankati,,
Daldali,,
Teghori,,
Bagjuri,,
Jagannathpur,,
Pathanberya,,
Saparda,,
Tisara,,
Kelaibad,,
Gobindapur,,
Bhimpur,,
Tetuibad,,
Danmari,,
Gholgorya,,
Kendsayer,,
Nishchintapur,,
Lari,,
Banpusra,,
Lakshmanpur,,
Radhanagar,,
Khara,,
Kharakpur,,
Shurichitra,,
Nuniadihi,,
Niasa,,
Panjan Pahari,,
Sarengafulberia,,
Panpukuria,,
Noadihi,,
Kanudihi,,
Shirpuranam,,
Balrampur,,
Kalakuri,,
Nabagram,,
Baguliya,,
Tiluri,,
Bhaluka,,
Binodpur,,
Bhadaspur,,
Bhadaspur Khas,,
Udaypur,,
Kashihir,,
Paharpur,,
Bardubi,,
Lakshankata,,
Maldihi,,
Chhatinbaid,,
Mahisharadi,,
Itura,,
Shirpuraupar,,
Bhratpur,,
Chak Baga,,
Paharbera,,
Dighit,,
Shalbeda,,
Tentularakh,,
Saburbandh,,
Kesharkundi,,
Rajapura,,
Krishnapur,,
Iswarda,,
Narayanpur,,
Bamantora,,
Kujkuria,,
Anandapur,,
Bagjata,,
Kukhrakuri,,
Kalla,,
Chandbad,,
Chaukhuri,,
Singhir,,
Majidh,,
Jupuliya,,
Bakuliya,,
Sahebdangga,,
Gopalnagar,,
Shalchur,,
Salma,,
Dahuka,,
Kamalhir,,
Kastora,,
Rangamatia,,
Bhubanabandi,,
Kendana,,
Swatwakuri,,
Harkabaid,,
Bhanggucha,,
Ialambazar,,
Badshal,,
Rautara,,
Kechka,,
Hiderban,,
Pagarbari,,
Behari,,
Biharinath Parbbat,,
Chandipur,,
Matukbani,,
Chuyaberiya,,
Beltikuri,,
Dubrajpur,,
Ranipur,,
Bhurakondathol,,
Mohnapada,,
Sarpahari,,
Siakuldoba,,
Tedipahadi,,
Gonsahadihi,,
Lalitakuri,,
Ranjitpur,,
Pabaya,,
Dhekiya,,
Dulaltoda,,
Tentultikuri,,
Satdedli,,
Ramjibanpur,,
Pabra,,
Chakmushuliya,,
Chak Paruri,,
Thanadumur,,
Beriathol,,
Patdoha,,
Niamatpur,,
Bishjod,,
Goradihi,,
Pathardihi,,
Krishnapur,,
Digtore,,
Bamnishala,,
Khadabna,,
Simladihi,,
Baghadabar,,
Jaburbna,,
Fatepur,,
Amjod,,
Murlu,,
Shiarbediya,,
Jhanka,,
Ledapalash,,
Sebapur,,
Mauchuriya,,
Shyampur,,
Telidihi,,
Binoddihi,,
Dhatla,,
Banshakedhiya,,
Raghunathchawk,,
Rampur,,
Chhatapathar,,
Khagra,,
Pirrabaid,,
Aluniya,,
Shalroha,,
Belekuri,,
Nimra,,
Demramol,,
Kantabaid,,
Shukabaid,,
Damodrpur,,
Ranipur,,
Manipur,,
Tilabaid,,
Majurakundi,,
Rajabandh,,
Maulahid,,
Belebaid,,
Kanuri,,
gote,,
Chaubadha,,
Gogra,,
Latulia,,
Lechheda,,
Adhuri,,
Jadabpur,,
Haroka,,
Madhabpur,,
Kultuka,,
Murgadoba,,
Bojapathar,,
Bhodadi,,
Barkona,,
Laxmanpur,,
Dhapali,,
Khadhamara,,
Karkdha,,
Netkamla,,
Chandra,,
Bhara,,
Kalidaspur,,
Kalikapur,,
Benakanali,,
Bhului,,
Arddhagram,,
Gopalpur,,
Shyamapur,,
Parbbatipur,,
Jemua,,
Kshiraitore,,
Ghusra,,
Jot Shriram,,
Jugibag,,
Mohana,,
Tegharia,,
Jorsa,,
Lakshmanbandi,,
Khaerbani,,
Dhandora,,
Kanshara,,
Duburia,,
Payrashol,,
Benabad,,
Kustor,,
Ramlalpur,,
Dhoba,,
Kanshai,,
Anandapur,,
Shyampur,,
Bhbanipur,,
Matabel,,
Chuaberia,,
Tarapur,,
Gopalganja,,
Mejia,,
Indara,,
Benathol,,
Maduarchak,,
Jujghati,,
Nabashan,,
Moshnekonda,,
Raydihi,,
Shaltora,,
Natshala,,
Sitarampur,,
Ranipur,,
Mukundapur,,
Benagarya,,
Ramkrishnapur,,
Parulia,,
Kendut,,
Palashi,,
Ikra,,
Jamkuri,,
Nandanpur,,
Mochrakend,,
Bharra,,
Telenda,,
Murra,,
Purunia,,
Balarampur,,
Damodormohan,,
Ramchandrapur,,
Debagram,,
Purbbator,,
Janakpur,,
Dighalgram,,
Japmali,,
Sarama,,
Jangpur,,
Banjora,,
Jalanpur,,
Asanbani,,
Kalipathar,,
Barshal,,
Kamalpur,,
Ratanpur,,
Duberdanga,,
Barashal Shrirampur,,
BaraLachhipur,,
Rajarampur,,
Lalpur Bara,,
Palajuriya,,
Dhabani,,
Panktor,,
Basudebpur,,
Chaushal,,
Adwitpur,,
Shrichandrapur,,
Ghanashyampur,,
Phuljam,,
Anandapur,,
Brajarajpur,,
Chaitanyapur,,
Dethol,,
Chandipur,,
Nityanandapur,,
Subirara,,
Sarangpur,,
Bankdaha,,
Pheguashol,,
Hadalbani,,
Latiabani,,
Machhbanda,,
Benagari,,
Nidhirampur,,
Damra,,
Pachamba,,
Madanpur,,
Gopinathpur,,
Dumuria,,
Nandanpur,,
Deuli,,
Bhalukathol,,
Gobindapurbaid,,
Mukundabaid,,
Ban Ashuria,,
Beldanga,,
Kusthalia,,
Narayanpur,,
Sudarshanpur,,
Kalipur,,
Chhotalalpur,,
Chhota Nabagram,,
Chururi,,
Raidihi,,
Jenadihi,,
Bishinda,,
Pramanik Kunri,,
Chak Rangametya,,
Rangametya,,
Kelai,,
Kenthalya,,
Rajamela,,
Balikhun,,
Sidara,,
Lachhmanpur,,
Bharadihi,,
Bara Rampur,,
Sagarya,,
Nutangram,,
Khajuri,,
Jamshala,,
Chhoto Lachhipur,,
Nadihi,,
Bamundiha,,
Chholabaid,,
Hanribhanga,,
Shuyabasa,,
Keshiara,,
Itadangra,,
Mallikdihi,,
Garjuria,,
Ukhradihi,,
Bhaktabandh,,
Jambedya,,
Shirsha,,
Taljhitka,,
Lakhyara,,
Ekchala,,
Ranganathpur,,
Mukundapur,,
Gurachhanda,,
Amladahi,,
Khayerboni,,
Pankua,,
Amjor,,
Machaparulia,,
Gobindadham,,
Mautara,,
Thumkora,,
Ranbahal,,
Selera,,
Konra,,
Maraya,,
Bhairabpur,,
Mandi,,
Gangajalghati,,
Belarmari,,
Chhota Kumira,,
Kenduadihi,,
Nabagram,,
Kot  Madanmohanpur,,
Kapistha,,
Subarnator,,
Nishchintapur,,
Shaltora,,
Shalbedya,,
Madhabpur,,
Kallapur,,
Ramnagar,,
Suarara,,
Radhashyampur,,
Sankarara,,
Brahmanara,,
Charadihi,,
Rampur,,
Jemua,,
Jambedya,,
Bhiringgi,,
Barajuri,,
Dandulya,,
Ramkanali,,
Kenduabari,,
Arbat,,
Asanchua,,
Arjunpur,,
Biharjurya,,
Harekrishnapur,,
Brindabanpur,,
Atarya,,
Gobarddhanpur,,
Pirraboni,,
Dhabani Gobindapur,,
Radhakrishnapur,,
Gopinathpur,,
Tentuliadanga,,
Bhattapara,,
Raniyara,,
Arbetal,,
Khopaganj,,
Birra,,
Balijora,,
Gopalpur,,
Kantabani,,
Maldanga,,
Shimlagar,,
Menjua,,
Abhirampur,,
Shrirampur,,
Tilashuti,,
Bhalukapahari,,
Bayermara,,
Kuldiha,,
Pingrui,,
Napara,,
Tentulapoha,,
Maliara,,
Naricha,,
Bhabanipur,,
Manohar,,
Barapukhuriya,,
Baguli,,
Tikargram,,
Chak kulbona,,
Metyali,,
Nutangram,,
Pratappur,,
Seetarampur,,
Shalgara,,
Gokulmothura,,
Kishoripur,,
Jayasinhapur,,
Pathrajuri,,
Kadashol,,
Kamarshol,,
Ghutgarya,,
Nambandh Sitarampur,,
Saharjora,,
Chak Arabad,,
Muktatore,,
Beleshola,,
Chak Keshya,,
Shitala,,
Kochkunda,,
Baliguma,,
Sankarara,,
Manjmura,,
Manoharbati,,
Kanchanpur,,
Pabayan,,
Dakaisini,,
Khanrari,,
Uara,,
Deucha,,
Dejuri,,
Birsinhapur,,
Sonergram,,
Barjora,,
Ronagalejora,,
Shyampur,,
Bhagabanpur,,
Raghunathpur,,
Paharpur,,
Krishnanagar,,
Bilmalpur,,
Bamandihi,,
Purakonda,,
Tajpur,,
Pakhanna Bhairabpur,,
Pakhanna,,
Gopalpur,,
Radhakantapur,,
Kamalpur,,
Pakhannapratappur,,
Palashboni,,
Shitalpur,,
Suratpur,,
Chandai,,
Kusumgarya,,
Tajpur Rampur,,
Balrampur(Purbba),,
Rajmadhabpur,,
Basuda,,
Rajprasadpur,,
Bhairabpur Paschim,,
Kamala,,
Basudebpur Uttar,,
Harinagara,,
Shaldanga,,
Hat Ashuriya,,
Mandarbani,,
Managram,,
Dewangarya,,
Sarali,,
Madanhati,,
Nunuigarya,,
Behargarya,,
Gururbaid,,
Kotalpukur,,
Radhaballabhpur,,
Arjuni,,
Mahidhara,,
Krishnabati,,
Gaurmohanpur,,
Naykona,,
Radhanagar,,
Payermohan,,
Shushuniya,,
Sahebdihi,,
Bishanpur,,
Ashuriya Madhabpur,,
Harirampur,,
Talanjuri,,
Kantabaid,,
Kalpaini,,
Banshol,,
Dharampur,,
Dhwaja Monipur,,
Nirisha,,
Phulberya,,
Damodarpur,,
Enayetpur,,
Kanchchhala,,
Kururiya,,
Kururiya Balarampur,,
Malkuriya,,
Ekarya,,
Majuddagara,,
Saragara,,
Gobindapur (JL 144),,
Jharia,,
Lalbajar,,
Nabasan,,
Chhandar,,
Gobindapur (JL 152),,
Murakata,,
Pataspur,,
Bhabarkhola,,
Chandoibot-Ramchandrapur,,
Pashchim-Brindabanpur,,
Palsona,,
Shiraha,,
Salika,,
Joykrishnapur Sarenga,,
Ramharipur,,
Barabendya,,
Jorshal,,
Dhengakend,,
Ladna,,
Methena,,
Kushma,,
Joytunga,,
Chandanpur,,
Swargabati,,
Harishpur,,
Gopinathpur,,
Brindabanpur,,
Shyamdaspur,,
Amthia,,
Gosainpur,,
Bankurardanga,,
Belut,,
Shaldanga,,
Jagannathpur,,
Purushottampur,,
Asansola,,
Muktapur,,
Kodma,,
Badar Konda,,
Krishnapur,,
Benachapra,,
Mathuraberia,,
Bhairabdanga,,
Bhairabpur,,
Rautara,,
Bajikura,,
Mathuradanga,,
Rajmadhabpur,,
Radhakantapur,,
Shrikrishnapur,,
Kantabeshe,,
Nityanandapur,,
Gangabandh,,
Saulia,,
Dunda,,
Krishnanagar,,
Chhaguliya,,
Chandramanipur,,
Khapakata,,
Hirapur,,
Bhola,,
Radhamohanpur,,
Jagannathpur,,
Binodnagar,,
Kharigara,,
Kokilpur,,
Kalyani,,
Digshuli,,
Daldali,,
Chakgopalpur,,
Lauda,,
Amlagura,,
Goaladangar,,
Patlabani,,
Ramkrishnapur,,
Siarbada,,
Beryakhamar,,
Haryaki,,
Balguma,,
Bahrabandh,,
Rasiknagarpur,,
Kadagot,,
Layadadumarya,,
Gholkunda,,
Madhabpur,,
Chakuparshol,,
Ratanpur,,
Barkurpa,,
Barkala,,
Machhrakhi,,
Chhoto Kurpa,,
Mandarbani,,
Pitambarpur,,
Benachapra,,
Rautara,,
Kawabasa,,
Panbaraj,,
Kiabati,,
Bhulanpur,,
Palashbani,,
Gengari,,
Pratappur,,
Gopalpur,,
Dhabani,,
Metyala,,
Jamjuri,,
Churamanipur,,
Patadubi,,
Aguriband Punishol,,
Dhanda Keshabpur,,
Dubrakon,,
Nutangram,,
Sahebganj,,
Benajira,,
Panchami,,
Majura,,
Rampur,,
Hatbari,,
Tilabani,,
Asnashol,,
Dhengakend,,
Jaba Balarampur,,
Bagakhulya Monoharpur,,
Gangadaspur,,
Basuara,,
Ekaria,,
Kamala,,
Surpanagar,,
Sonatapal,,
Beliara,,
Malator,,
Bagjata,,
Debagram,,
Baidyanathpur,,
Mankhamar,,
Bhatgram,,
Banamalipur,,
Mukundabati,,
Angadpur,,
Bhaluka,,
Karra,,
Hemchabad,,
Lodna,,
Madanpur,,
Bhangabandh,,
Bheduashol,,
Kamalpur,,
Bhimpur,,
Santor,,
Tapoban,,
Birsinghapur,,
Jagannathpur,,
Sayerbakra,,
Kotalpur,,
Ramnagar,,
Dhabani,,
Bikrampur,,
Indkata,,
Manipur,,
Guinandi,,
Itapanchira,,
Paharpur,,
Ola,,
Dubarajpur,,
Sahapur,,
Diga,,
Bathan Tara,,
Elyati,,
Nikunjapur,,
Pingrui,,
Belatukri,,
Nishchintapur,,
Shalihan,,
Chandra Gopalpur,,
Shalghata,,
Murakata,,
Lohari Brindabanpur,,
Kochkhalui,,
Brindabanpur,,
Shushina Gobindarampur,,
Ramargram,,
Hatiband,,
Tol Chandrakona,,
Madanmohanpur,,
Chandipur,,
Jamtara,,
Mayta,,
Dhagarya,,
Pantha,,
Rasiara,,
Hiradangar,,
Tentulmuri,,
Maitha,,
Jambani,,
Sabanpur,,
Shrirampur,,
Kanaipur,,
Panchdanna,,
Kumardanga,,
Puthia,,
Tella,,
Sadishta,,
Chandrakona,,
Raghunathnagar,,
Baharamuri,,
Gopalpur,,
Chak Krishnanagar Thakurbari,,
Pechara,,
Sheoraghati,,
Shyamnagar,,
Kamarkata,,
Rajduha,,
Krishnasinghpur,,
Jambedya,,
Chingani,,
Geredaha,,
Benagari,,
Chhagulia,,
Amarpur,,
Chak Krishna Singhpur,,
Kelyajuri,,
Chaulabad,,
Ambari Hazarigram,,
Dharsona,,
Niada,,
Chak Muktapur,,
Dhengashol,,
Arabani,,
Mandiha,,
Mauleshwar,,
Medinipur,,
Datina,,
Krishnanagar,,
Kalla,,
Shimabaid,,
Raghunathpur,,
Onda,,
Gogra,,
Prajabad,,
Kushte,,
Bhaduldanga,,
Gopinathpur Etajhira,,
Churamanipur,,
Patrahati,,
Shuklai,,
Gamidya,,
Nayananadapur,,
Majdiha,,
Balarampur,,
Amlatara,,
Angaria,,
Madanmohanpur,,
Kheruashol,,
Betajora,,
Bhalukkhulya,,
Brindabanpur,,
Shirsha,,
Siara,,
Kundalia,,
Bhedua,,
Kunchishol,,
Ektarpur,,
Chabra,,
Makarkol,,
Bahulara,,
Bhetiara,,
Nandabhanga,,
Harra,,
Damasini,,
Churamanipur,,
Phulbaria,,
Nabajibanpur,,
Charuikur,,
Bhagabanpur,,
Dalimahara,,
Mukundapur,,
Gobindapur,,
Pundra,,
Jamra Madhabpur,,
Indra,,
Khamarbere,,
Damodarbati,,
Jamdoba,,
Datina Purushottampur,,
Banshdanga,,
Singargaria,,
Patharkata,,
Maudi,,
Tunka,,
Baruipara,,
Sundarpur,,
Teliberia,,
Puncha,,
Kalyari,,
Patpur,,
Mauchura,,
Chhinpur,,
Barpetya,,
Malpur,,
Lapur,,
Barmagura,,
Ramsagar,,
Teghara,,
Surmmanagar,,
Mathura,,
Radhamadhabpur,,
Dhulyapur,,
Sinhati,,
Hatibari,,
Ashanbani,,
Agarda,,
Dhanghari,,
Bagakhulia,,
Hetemoa,,
Jadabnagar,,
Jagannathbati,,
Bhajibari,,
Ramarchunpuan,,
Kantabari,,
Bauridanga,,
Chak Bagmari,,
Bagmari Maheshpur,,
Kharbaribadni,,
Jhatibani,,
Agarda Purushottampur,,
Basuribera,,
Gopinathpur,,
Chak Tunka,,
Muktapur,,
Lauria,,
Kanaijuri,,
Gorasole,,
Nakaijuri,,
Betjhuria,,
Chak Nakaijuri,,
Mohanpur,,
Agaya Nandanpur,,
Patangapur,,
Chandabila,,
Bhagabanbati,,
Bakinala,,
Jamadahara,,
Mahishdoba,,
Benabandi,,
Bhedua,,
Manipur,,
Manara,,
Surbhagaband,,
Brahamandhara,,
Balarampur,,
Bibarda,,
Dangjuri,,
Beldangra,,
Paika,,
Bhandya,,
Khalgram,,
Kamardiha,,
Belashuli Shyamsundarpur  ndarpur,,
Chandkuri,,
Kali,,
Mahada,,
Kadamara,,
Payna Damodarpur,,
Chak Nutangram,,
Raghunathpur,,
Paryardang,,
Pedda,,
Brahmandiha,,
Sulgi,,
Kiashol,,
Ladda,,
Marasol,,
Harmasra,,
Keshatara,,
Bhimara,,
Chunalu,,
Dolbagicha,,
Jarkapaksara,,
Karanjbedia,,
Baghdoba,,
Ghagar,,
Patharkura,,
Tilabani,,
Kuldiha,,
Chak Kuldiha,,
Sushunia,,
Mahishakanali,,
Balibandh,,
Nabagram,,
Maibandhi,,
Khichka,,
Kadma,,
Aulia,,
Narottampur,,
Kolsuli,,
Jemua,,
Taltala,,
Dhengashimul,,
Jugda,,
Nachna,,
Hatpara,,
Kusmi,,
Radhamohanpur,,
Deuli,,
Bhutama Maheshpur,,
Harulia,,
Khatbanda,,
Harakona,,
Bhedua,,
Churamanipur,,
Jafla,,
Bara Meshya,,
Shyamsundarpur,,
Nityanandapur,,
Chenchurya,,
Bara Lakshanpur,,
Benda Lakshanpur,,
Telanbandi,,
Bhaluka,,
Tulderya,,
Asnasundarpur,,
Asnasol,,
Tilaghagri,,
Saharghati,,
Chenchurya,,
Taldangra,,
Amlatara,,
Banktor,,
Belshulya,,
Phulmati,,
Parulia,,
Machla,,
Punesa,,
Chak shyampur,,
Kajla,,
Ata,,
Baharagarya,,
Shyampur,,
Manikmara,,
Jashodanandanpur,,
Jiakanali,,
Nutangram,,
Dunduria,,
Dhobajor,,
Banshkopa,,
Kanaipur,,
Radhanagar,,
Amjor,,
Panchmura,,
Adhkara,,
Kurkutia,,
Jaypur,,
Chak Jambedia,,
Lalbandh,,
Deulbhira,,
Bhetuadanga,,
Jambedia,,
Resiagara,,
Shyamsundarpur,,
Tatar,,
Chak Majuri Prasadpur,,
Dauni,,
Mahulbera,,
Parirdihi,,
Methena,,
Majuri Prasadpur,,
Sitarampur,,
Chandabila,,
Uparshol,,
Satmauli,,
Nachankonda,,
Domakonda,,
Mandi,,
Tirra,,
Amdangra,,
Bhandarkaki,,
Shaltara,,
Sonajhor,,
Murakati,,
Kaniari,,
Mamrasol,,
Patharjora,,
Brindabanpur,,
Dhuakaki,,
Sabrakon,,
Asthashol,,
Gamarbani,,
Rajpur,,
Shaldaha,,
Golakpur,,
Haduliya,,
Metyaldoba,,
Lakshyatapal,,
Budhadhara,,
Ramchandrapur,,
Kharkhari,,
Kharjuria,,
Peripathar,,
Kadamara,,
Pukhuriya,,
Madhabpur,,
Andhariya,,
Bara Nimdiha,,
Rengurbandh,,
Rajabandh,,
Mamra,,
Baradhara,,
Kukrakhondar,,
Gilirpahari,,
Tushkutri,,
Hansapathar,,
Kalshuli,,
Bhalkamuri,,
Betjharia,,
Guriaghati,,
Penruabaid,,
Kharika,,
Parshala,,
Khapmayna,,
Mayna,,
Bankata,,
Sinyajora,,
Ramgar,,
Nutangar,,
Junbakra,,
Bhelaidiha,,
Korkhi,,
Jamda,,
Tilabani,,
Jhikri,,
Kusumkanali,,
Baurishol,,
Lakshmisagar,,
Shyampur,,
Gotkanali,,
Maidhara,,
Jugidangra,,
Rasikpur,,
Kumarshol,,
Sarenga,,
Benjtabani,,
Benrebati,,
Tilbari,,
Bankhola,,
Sarasbakra,,
Pukhuria,,
Birsingpur,,
Bikrampur,,
Krishnapur,,
Kathjuria,,
Nuniabad,,
Harintuli,,
Kaniabali,,
Chhota Hetyagara,,
Bara Hetyagara,,
Gorakata,,
Patharkata,,
Malatibad,,
Bhudrubad,,
Bara Makarkole,,
Chotta Makarkol,,
Asna,,
Kaliam,,
Dhanishukni,,
Ambakra,,
Kadmabandh,,
Kantashola,,
Bhangabandh,,
Kalabati,,
Nimaipur,,
Shirsha,,
Kumardoba,,
Dhabani,,
Kallaicha,,
Manipur,,
Talda,,
Parulia,,
Bardi,,
Jarisa,,
Harunyaguri,,
Parulia,,
Junkaria,,
Tentulia,,
Shuknabad,,
Baniadoba,,
Bhaduldoba,,
Memauli,,
Amakunda,,
Kaharan,,
Tarupur,,
Banshi,,
Ganrra,,
Saras Bakra,,
Shovarajpur,,
Sonakanda,,
Tapubaid,,
Jirabaid,,
Banshkanali,,
Jhariya,,
Ghoradhara,,
Machatora,,
Kamala,,
Sitarampur,,
Sushunia,,
Uparsole,,
Kansachora,,
Taldiha,,
Shushunia,,
Karakanali,,
Jatiakanali,,
Koldoba,,
Pathardoba,,
Balarampur,,
Masatkhal,,
Rambani,,
Dudhiadoba,,
Nama Dudhiadoba,,
Badageria,,
Maulakanda,,
Rambandh,,
Ghagra,,
Runiara,,
Rangamatia,,
Madhupur,,
Jamirdiha,,
Godabahara,,
Krishnapur,,
Bagakhulia,,
Kusumdungri,,
Jagannathapur,,
Simlapal,,
Ghugia,,
Dhankhunia,,
Patamechla,,
Bhalukkhunia,,
Madhabpur,,
Doldere,,
Bankata,,
Arjjunia,,
Kayma,,
Roshana,,
Mukundapur,,
Jaleshwar,,
Lakshmanpur,,
Mathurkata,,
Jhumka,,
Nutangram,,
Lakshmipal,,
Dhanghari,,
Puipal,,
Khamardanga,,
Kushtara,,
Khaergaria,,
Shuknokhali,,
Shushinia,,
Hatibari,,
Raybandh,,
Dubrajpur,,
Ghaghrakhulia,,
Ekaria Jambani,,
Krishnabati,,
Chandpur,,
Putiadaha,,
Pithabakra,,
Bagnada,,
Nekratapal,,
Dhuliapur,,
Hariharpur,,
Jambedia,,
Baricha,,
Bhedua,,
Tikarpara,,
Mandalgram,,
Patharkhamar,,
Shyampur,,
Pachaparar,,
Bamunpathari,,
Barakhulia,,
Keotdhara,,
Balarampur,,
Siuli,,
Kuchakon,,
Bandiara,,
Digpar,,
Kusmi,,
Chakrashol,,
Arra,,
Kushbakra,,
Bhutsahar,,
Barishol,,
Shrirampur,,
Beoncha,,
Parashol,,
Ratanpur,,
SHYAMBAZAR,,
Jagannathpur,,
Banbedia,,
Nimdiha,,
Pirrabakra,,
Mukundapur,,
Khakrakanali,,
Nagri,,
Paharapatpur,,
Baidyanathpur,,
Jasara,,
Bhaluka,,
Kadra,,
Damodarpur,,
Shimla,,
Arkama,,
Rangibari,,
Dhemnashol,,
Kankata,,
Dharramuli,,
Mirgipahari,,
Supur,,
Raydihi,,
Bheduara,,
Baragar,,
Makrara,,
Radhamohanpur,,
Nityanandapur,,
Balarampur,,
Kubashol,,
Banpukhuria,,
Madhupur,,
Tantikata,,
Rajadali,,
Shibarampur,,
Loadihi,,
Kuanrbahal,,
Satshol,,
Sarga,,
Jhantipahari,,
Sunrigara,,
Damdi,,
Phulhari,,
Mukutmanipur,,
Gorabari,,
Hadhadigara,,
Lakshmandihi,,
Ghagra,,
Bagjabra,,
Kharidungri,,
Peripathar,,
Dhagara,,
Jamabeda,,
Baraghutu,,
Nadupara,,
Susne,,
Kadamberia,,
Dhabani,,
Jalhari,,
Banshnala,,
Tentulchita,,
Amdoba,,
Harangara,,
Purandihi,,
Dubrajpur,,
Burisahar,,
Senapatia,,
Shyamsundarpur,,
Panpra,,
Khatra,,
Kandnashol,,
Guianala,,
Ledishol,,
Chandania,,
Salbani,,
Bhurudanga,,
Kurkutia,,
Dedua,,
Mailihir,,
Benkia,,
Raktajura,,
Ruparhir,,
Jhariakocha,,
Damodarpur,,
Amdiha,,
Bankati,,
Bandarkonda,,
Danrrrshol,,
Tilabani,,
Baramatiala,,
Kechanda,,
Patpur,,
Maharadihi,,
Dharampur,,
Purkul,,
Mashara,,
Goaladanga,,
Baragari,,
Datarampur,,
Pithabaid,,
Jitpur,,
Murgadanga,,
Bantilla,,
Dakshinabad,,
Saluajamda,,
Jamda,,
Nargashol,,
Kashipur,,
Indkucha,,
Muragram,,
Hazamdihi,,
Dhanara,,
Gopisagar,,
Bena,,
Chaka,,
Karulpahari,,
Sindurpeti,,
Baurishol,,
Keshia,,
Bhalaidiha,,
Kapaskhera,,
Tiring,,
Katar,,
Nekrasonda,,
Parashidanga,,
Khayerbani,,
Bagakhulia,,
Dahala,,
Bahadurpur,,
Madhabpur,,
Sabubad,,
Dumuria,,
Dhargram,,
Sealpahari,,
Dhabani,,
Simchaka,,
Radhanathpur,,
Saluka,,
Chandanpur,,
Beniabaid,,
Kankradara,,
Bhedua,,
Labdapara,,
Birkham,,
Jharia,,
Dakai,,
Karra,,
Kapila,,
Hetiashol,,
Sikrabad,,
Gopalpur,,
Jiakanali,,
Pitadungri,,
Kuchiarmahar,,
Guniada,,
Chalka,,
Shalai Pahari,,
Harirampur,,
Elora,,
Dhanarangi,,
Lachipur,,
Fatepur,,
Gopalpur,,
Batikara,,
Tilabad,,
Jhariakucha,,
Nanda,,
Bansol,,
Kadia,,
Pakhuria,,
Khaerkundi,,
Aralbara,,
Damodarpur,,
Shyamnagar,,
Malian,,
Lalbazar,,
Deuli,,
Dulalpur,,
Tentulia,,
AralChhota,,
Naria,,
Benagaria,,
Hirakhon,,
Nipania,,
Brahmadanga,,
Mahaldanga,,
Ranga,,
Ashatara,,
Nawadihi,,
Jibanpur,,
Biradihi,,
Diktor,,
Rangamati,,
Bamni,,
Kundurka,,
